Modelo,Accuracy,Precision,Recall,F1-score
EfficientNet B0,0.8846153846153846,0.8646788990825688,0.9666666666666667,0.9128329297820823
