Modelo,Accuracy,Precision,Recall,F1-score
CNN Baseline,0.7403846153846154,0.7087912087912088,0.9923076923076923,0.8269230769230769
