Modelo,Accuracy,Precision,Recall,F1-score
CNN Baseline,0.717948717948718,0.6897163120567376,0.9974358974358974,0.8155136268343816
