Modelo,Accuracy,Precision,Recall,F1-score
ResNet18 Fine Tuning,0.8157051282051282,0.7744510978043913,0.9948717948717949,0.8709315375982043
