Modelo,Accuracy,Precision,Recall,F1-score
CNN Baseline,0.844551282051282,0.8071278825995807,0.9871794871794872,0.8881199538638985
